{
    "mode": "dev", 
    "port" : 8000,
    "mongoUriDev" : "mongodb://labtoApp:password@localhost:27000/labtoApp",
    "mongoUriProd" : "mongodb://labtoApp:password@localhost:27017/labtoApp",
    "server" : {
        "username" : "root",
        "password" : "zQGfr21D",
        "host" : "46.229.213.229",
        "baseUrl": "http://localhost:8000"
    },
    "ACCESS_TOKEN_SECRET": "8f1d5dc1ce136663429c08cb061732f9b2f364f68d7c41ebc2f63005077892b367a41d660f8b6e0f4db0a4432277def48cce2d79447feb8a00a05a8f11c594eb",
    "REFRESH_TOKEN_SECRET": "cf19bb51404139db4b6a661f128700319bf4d35eea7941fb3b8ccf0108b6a807cc1ea73f363192c06e23322dd1156ae581fd168ebf233185f49b54f0fd3cea10",
    "client" : {
        "originUrl" : "http://localhost",
        "originPort" : 3000,
        "prodUrl" : "http://localhost",
        "prodPort" : 3000
    }
}

